Unnamed: 0,Id,Country,HDI Rank,HDI,Life expectancy,Mean years of schooling,Gross national income (GNI) per capita,Col_8,Col_9,Col_10,Col_11,Col_12,Col_13,Col_14,Col_15,Col_16,Col_17,Col_18,Col_19,Col_20,Col_21,Col_22,Col_23,Col_24,Col_25,Col_26,Col_27,Col_28,Col_29,Col_30,Col_31,Col_32,Col_33,Col_34,Col_35,Col_36,Col_37,Col_38,Col_39,Col_40,Col_41,Col_42,Col_43,Col_44,Col_45,Col_46,Col_47,Col_48,Col_49,Col_50,Col_51,Col_52,Col_53,Col_54,Col_55,Col_56,Col_57,Col_58,Col_59,Col_60,Col_61,Col_62,Col_63,Col_64,Col_65,Col_66,Internet users,Col_68,Col_69,Col_70,Col_71,Col_72,Col_73,Col_74,Col_75,Col_76,Col_77,Col_78,Col_79,Col_80,Col_81
0,1,Norway,1,0.8679790251732808,63.10890415965768,13.408571676918994,58827.521403101004,0,0,0,0,0,0,0,0,0,0,0,0,0,0,0,0,0,0,0,0,0,0,0,0,0,0,0,0,0,0,0,0,0,0,0,0,0,0,0,0,0,0,0,0,0,0,0,0,0,0,0,0,0,0,0,0,0,0,0,61.27389751452144,0,0,0,0,0,0,0,0,0,0,0,0,0,0
1,2,Australia,2,0.5569329771833588,55.46065241548528,3.8719342440344318,5588.605361287758,0,0,0,0,0,0,0,0,0,0,0,0,0,0,0,0,0,0,0,0,0,0,0,0,0,0,0,0,0,0,0,0,0,0,0,0,0,0,0,0,0,0,0,0,0,0,0,0,0,0,0,0,0,0,0,0,0,0,0,86.42055770284391,0,0,0,0,0,0,0,0,0,0,0,0,0,0
2,3,Switzerland,3,0.7430670582062714,71.0390254110123,10.496870933552547,2626.175049368393,0,0,0,0,0,0,0,0,0,0,0,0,0,0,0,0,0,0,0,0,0,0,0,0,0,0,0,0,0,0,0,0,0,0,0,0,0,0,0,0,0,0,0,0,0,0,0,0,0,0,0,0,0,0,0,0,0,0,0,96.17152610322746,0,0,0,0,0,0,0,0,0,0,0,0,0,0
3,4,Germany,4,0.6945003393893385,79.13549242801476,4.548069328139314,15364.172409360948,0,0,0,0,0,0,0,0,0,0,0,0,0,0,0,0,0,0,0,0,0,0,0,0,0,0,0,0,0,0,0,0,0,0,0,0,0,0,0,0,0,0,0,0,0,0,0,0,0,0,0,0,0,0,0,0,0,0,0,22.24002392622278,0,0,0,0,0,0,0,0,0,0,0,0,0,0
4,5,Denmark,5,0.7295956730151879,60.64847850358382,8.297077179586854,35123.65647272715,0,0,0,0,0,0,0,0,0,0,0,0,0,0,0,0,0,0,0,0,0,0,0,0,0,0,0,0,0,0,0,0,0,0,0,0,0,0,0,0,0,0,0,0,0,0,0,0,0,0,0,0,0,0,0,0,0,0,0,32.37553917861594,0,0,0,0,0,0,0,0,0,0,0,0,0,0
5,6,Afghanistan,6,0.6579933165545743,71.41485131528329,3.673926327824502,24079.427234282233,0,0,0,0,0,0,0,0,0,0,0,0,0,0,0,0,0,0,0,0,0,0,0,0,0,0,0,0,0,0,0,0,0,0,0,0,0,0,0,0,0,0,0,0,0,0,0,0,0,0,0,0,0,0,0,0,0,0,0,39.43801326960702,0,0,0,0,0,0,0,0,0,0,0,0,0,0
6,7,Albania,7,0.798176467296788,65.96244944759626,11.422111536716162,16774.228790510417,0,0,0,0,0,0,0,0,0,0,0,0,0,0,0,0,0,0,0,0,0,0,0,0,0,0,0,0,0,0,0,0,0,0,0,0,0,0,0,0,0,0,0,0,0,0,0,0,0,0,0,0,0,0,0,0,0,0,0,53.33803721087949,0,0,0,0,0,0,0,0,0,0,0,0,0,0
7,8,Algeria,8,0.6513758767075294,70.73450991017148,2.5574049526399727,48996.043300213634,0,0,0,0,0,0,0,0,0,0,0,0,0,0,0,0,0,0,0,0,0,0,0,0,0,0,0,0,0,0,0,0,0,0,0,0,0,0,0,0,0,0,0,0,0,0,0,0,0,0,0,0,0,0,0,0,0,0,0,21.029267626605403,0,0,0,0,0,0,0,0,0,0,0,0,0,0
8,9,Andorra,9,0.8330266159848668,52.27680575448478,13.38662644704,77284.9306128902,0,0,0,0,0,0,0,0,0,0,0,0,0,0,0,0,0,0,0,0,0,0,0,0,0,0,0,0,0,0,0,0,0,0,0,0,0,0,0,0,0,0,0,0,0,0,0,0,0,0,0,0,0,0,0,0,0,0,0,80.98935072294735,0,0,0,0,0,0,0,0,0,0,0,0,0,0
9,10,Angola,10,0.6289566630988278,60.661481921067974,3.1720653680766064,55054.409094460396,0,0,0,0,0,0,0,0,0,0,0,0,0,0,0,0,0,0,0,0,0,0,0,0,0,0,0,0,0,0,0,0,0,0,0,0,0,0,0,0,0,0,0,0,0,0,0,0,0,0,0,0,0,0,0,0,0,0,0,46.374334411522526,0,0,0,0,0,0,0,0,0,0,0,0,0,0
10,11,Antigua and Barbuda,11,0.6307387585471274,,7.942122921335242,3716.6931681022534,0,0,0,0,0,0,0,0,0,0,0,0,0,0,0,0,0,0,0,0,0,0,0,0,0,0,0,0,0,0,0,0,0,0,0,0,0,0,0,0,0,0,0,0,0,0,0,0,0,0,0,0,0,0,0,0,0,0,0,90.47611779540551,0,0,0,0,0,0,0,0,0,0,0,0,0,0
11,12,Argentina,12,0.7508337467377602,,9.950267412247783,25625.175011063464,0,0,0,0,0,0,0,0,0,0,0,0,0,0,0,0,0,0,0,0,0,0,0,0,0,0,0,0,0,0,0,0,0,0,0,0,0,0,0,0,0,0,0,0,0,0,0,0,0,0,0,0,0,0,0,0,0,0,0,53.88639399071422,0,0,0,0,0,0,0,0,0,0,0,0,0,0
12,13,Armenia,13,0.6955134247727571,,4.218253466306324,77597.18559340012,0,0,0,0,0,0,0,0,0,0,0,0,0,0,0,0,0,0,0,0,0,0,0,0,0,0,0,0,0,0,0,0,0,0,0,0,0,0,0,0,0,0,0,0,0,0,0,0,0,0,0,0,0,0,0,0,0,0,0,77.86248539594477,0,0,0,0,0,0,0,0,0,0,0,0,0,0
13,14,Austria,14,0.9247884711028593,,12.737928205131785,48234.09832607573,0,0,0,0,0,0,0,0,0,0,0,0,0,0,0,0,0,0,0,0,0,0,0,0,0,0,0,0,0,0,0,0,0,0,0,0,0,0,0,0,0,0,0,0,0,0,0,0,0,0,0,0,0,0,0,0,0,0,0,91.65617809217298,0,0,0,0,0,0,0,0,0,0,0,0,0,0
14,15,Azerbaijan,15,0.552437997817675,,4.351794349029742,4572.955823932507,0,0,0,0,0,0,0,0,0,0,0,0,0,0,0,0,0,0,0,0,0,0,0,0,0,0,0,0,0,0,0,0,0,0,0,0,0,0,0,0,0,0,0,0,0,0,0,0,0,0,0,0,0,0,0,0,0,0,0,35.58105109174684,0,0,0,0,0,0,0,0,0,0,0,0,0,0
15,16,Bahamas,16,0.6923424406443589,63.60370513913187,5.256188381286751,66470.26322300242,0,0,0,0,0,0,0,0,0,0,0,0,0,0,0,0,0,0,0,0,0,0,0,0,0,0,0,0,0,0,0,0,0,0,0,0,0,0,0,0,0,0,0,0,0,0,0,0,0,0,0,0,0,0,0,0,0,0,0,38.53481270919739,0,0,0,0,0,0,0,0,0,0,0,0,0,0
16,17,Bahrain,17,0.6999644248915523,59.83270783905833,8.512352997898981,12133.013773006249,0,0,0,0,0,0,0,0,0,0,0,0,0,0,0,0,0,0,0,0,0,0,0,0,0,0,0,0,0,0,0,0,0,0,0,0,0,0,0,0,0,0,0,0,0,0,0,0,0,0,0,0,0,0,0,0,0,0,0,80.40651619087973,0,0,0,0,0,0,0,0,0,0,0,0,0,0
17,18,Bangladesh,18,0.8379960259912772,52.609272528791976,13.842643239206208,62007.336774435935,0,0,0,0,0,0,0,0,0,0,0,0,0,0,0,0,0,0,0,0,0,0,0,0,0,0,0,0,0,0,0,0,0,0,0,0,0,0,0,0,0,0,0,0,0,0,0,0,0,0,0,0,0,0,0,0,0,0,0,23.679274064212205,0,0,0,0,0,0,0,0,0,0,0,0,0,0
18,19,Barbados,19,0.7802536084051074,50.19327409932608,11.78553714145801,56841.73016396175,0,0,0,0,0,0,0,0,0,0,0,0,0,0,0,0,0,0,0,0,0,0,0,0,0,0,0,0,0,0,0,0,0,0,0,0,0,0,0,0,0,0,0,0,0,0,0,0,0,0,0,0,0,0,0,0,0,0,0,73.5266737958528,0,0,0,0,0,0,0,0,0,0,0,0,0,0
19,20,Belarus,20,0.6682026305805597,76.9944621340081,2.8885358208090843,29318.792554997537,0,0,0,0,0,0,0,0,0,0,0,0,0,0,0,0,0,0,0,0,0,0,0,0,0,0,0,0,0,0,0,0,0,0,0,0,0,0,0,0,0,0,0,0,0,0,0,0,0,0,0,0,0,0,0,0,0,0,0,15.891691595362193,0,0,0,0,0,0,0,0,0,0,0,0,0,0
20,21,Belgium,21,0.8250080242795835,80.20861990564578,,27140.943963359285,0,0,0,0,0,0,0,0,0,0,0,0,0,0,0,0,0,0,0,0,0,0,0,0,0,0,0,0,0,0,0,0,0,0,0,0,0,0,0,0,0,0,0,0,0,0,0,0,0,0,0,0,0,0,0,0,0,0,0,10.974484926886221,0,0,0,0,0,0,0,0,0,0,0,0,0,0
21,22,Belize,22,0.6923528237595379,60.88438126004817,,58638.88808870706,0,0,0,0,0,0,0,0,0,0,0,0,0,0,0,0,0,0,0,0,0,0,0,0,0,0,0,0,0,0,0,0,0,0,0,0,0,0,0,0,0,0,0,0,0,0,0,0,0,0,0,0,0,0,0,0,0,0,0,64.93040230739004,0,0,0,0,0,0,0,0,0,0,0,0,0,0
22,23,Benin,23,0.7599929357639491,81.05244599017144,,10447.945429125835,0,0,0,0,0,0,0,0,0,0,0,0,0,0,0,0,0,0,0,0,0,0,0,0,0,0,0,0,0,0,0,0,0,0,0,0,0,0,0,0,0,0,0,0,0,0,0,0,0,0,0,0,0,0,0,0,0,0,0,72.04500999896153,0,0,0,0,0,0,0,0,0,0,0,0,0,0
23,24,Bhutan,24,0.8186412909884039,76.6274767015914,,61906.40721641032,0,0,0,0,0,0,0,0,0,0,0,0,0,0,0,0,0,0,0,0,0,0,0,0,0,0,0,0,0,0,0,0,0,0,0,0,0,0,0,0,0,0,0,0,0,0,0,0,0,0,0,0,0,0,0,0,0,0,0,51.41678605825273,0,0,0,0,0,0,0,0,0,0,0,0,0,0
24,25,Bolivia,25,0.6614879398465426,68.2956490283698,,3008.11101278352,0,0,0,0,0,0,0,0,0,0,0,0,0,0,0,0,0,0,0,0,0,0,0,0,0,0,0,0,0,0,0,0,0,0,0,0,0,0,0,0,0,0,0,0,0,0,0,0,0,0,0,0,0,0,0,0,0,0,0,15.141794137370619,0,0,0,0,0,0,0,0,0,0,0,0,0,0
25,26,Bosnia and Herzegovina,26,0.7129040609420887,51.1000214990357,,25834.12250502981,0,0,0,0,0,0,0,0,0,0,0,0,0,0,0,0,0,0,0,0,0,0,0,0,0,0,0,0,0,0,0,0,0,0,0,0,0,0,0,0,0,0,0,0,0,0,0,0,0,0,0,0,0,0,0,0,0,0,0,52.80564496948206,0,0,0,0,0,0,0,0,0,0,0,0,0,0
26,27,Botswana,27,0.7374878173451901,81.76482658741325,,33420.250919814745,0,0,0,0,0,0,0,0,0,0,0,0,0,0,0,0,0,0,0,0,0,0,0,0,0,0,0,0,0,0,0,0,0,0,0,0,0,0,0,0,0,0,0,0,0,0,0,0,0,0,0,0,0,0,0,0,0,0,0,76.02180702304658,0,0,0,0,0,0,0,0,0,0,0,0,0,0
27,28,Brazil,28,0.5885152978072167,58.00793579220679,2.923758917945516,23890.364780187672,0,0,0,0,0,0,0,0,0,0,0,0,0,0,0,0,0,0,0,0,0,0,0,0,0,0,0,0,0,0,0,0,0,0,0,0,0,0,0,0,0,0,0,0,0,0,0,0,0,0,0,0,0,0,0,0,0,0,0,20.154801001876415,0,0,0,0,0,0,0,0,0,0,0,0,0,0
28,29,Brunei,29,0.9019812430637858,82.53941783199005,11.697444554773003,51038.89676432346,0,0,0,0,0,0,0,0,0,0,0,0,0,0,0,0,0,0,0,0,0,0,0,0,0,0,0,0,0,0,0,0,0,0,0,0,0,0,0,0,0,0,0,0,0,0,0,0,0,0,0,0,0,0,0,0,0,0,0,86.91729547764547,0,0,0,0,0,0,0,0,0,0,0,0,0,0
29,30,Bulgaria,30,0.7288419264204108,78.128522691469,4.2388407066324305,71512.16088070824,0,0,0,0,0,0,0,0,0,0,0,0,0,0,0,0,0,0,0,0,0,0,0,0,0,0,0,0,0,0,0,0,0,0,0,0,0,0,0,0,0,0,0,0,0,0,0,0,0,0,0,0,0,0,0,0,0,0,0,55.69817074007117,0,0,0,0,0,0,0,0,0,0,0,0,0,0
30,31,Burkina Faso,31,0.8889893574471448,78.2604054307422,12.753095599081918,,0,0,0,0,0,0,0,0,0,0,0,0,0,0,0,0,0,0,0,0,0,0,0,0,0,0,0,0,0,0,0,0,0,0,0,0,0,0,0,0,0,0,0,0,0,0,0,0,0,0,0,0,0,0,0,0,0,0,0,15.344880905601615,0,0,0,0,0,0,0,0,0,0,0,0,0,0
31,32,Burundi,32,0.7114387994164515,57.97773068896796,7.125293463515076,,0,0,0,0,0,0,0,0,0,0,0,0,0,0,0,0,0,0,0,0,0,0,0,0,0,0,0,0,0,0,0,0,0,0,0,0,0,0,0,0,0,0,0,0,0,0,0,0,0,0,0,0,0,0,0,0,0,0,0,85.90867482609629,0,0,0,0,0,0,0,0,0,0,0,0,0,0
32,33,Cabo Verde,33,0.6840793179147541,50.243324568591675,8.128967630930788,33975.46924875354,0,0,0,0,0,0,0,0,0,0,0,0,0,0,0,0,0,0,0,0,0,0,0,0,0,0,0,0,0,0,0,0,0,0,0,0,0,0,0,0,0,0,0,0,0,0,0,0,0,0,0,0,0,0,0,0,0,0,0,25.878134184248644,0,0,0,0,0,0,0,0,0,0,0,0,0,0
33,34,Cambodia,34,0.6768544910726892,54.195287856678895,6.0513820568435355,75489.86660908902,0,0,0,0,0,0,0,0,0,0,0,0,0,0,0,0,0,0,0,0,0,0,0,0,0,0,0,0,0,0,0,0,0,0,0,0,0,0,0,0,0,0,0,0,0,0,0,0,0,0,0,0,0,0,0,0,0,0,0,35.38107560995099,0,0,0,0,0,0,0,0,0,0,0,0,0,0
34,35,Cameroon,35,0.8016808399520357,68.15767176101781,10.436227506742135,29726.738587964224,0,0,0,0,0,0,0,0,0,0,0,0,0,0,0,0,0,0,0,0,0,0,0,0,0,0,0,0,0,0,0,0,0,0,0,0,0,0,0,0,0,0,0,0,0,0,0,0,0,0,0,0,0,0,0,0,0,0,0,96.3475157757703,0,0,0,0,0,0,0,0,0,0,0,0,0,0
35,36,Canada,36,0.7511691278808691,83.6856553229739,5.02138754990437,40282.63196549845,0,0,0,0,0,0,0,0,0,0,0,0,0,0,0,0,0,0,0,0,0,0,0,0,0,0,0,0,0,0,0,0,0,0,0,0,0,0,0,0,0,0,0,0,0,0,0,0,0,0,0,0,0,0,0,0,0,0,0,33.28256112277634,0,0,0,0,0,0,0,0,0,0,0,0,0,0
36,37,Central African Republic,37,0.6067050399215504,59.969417303211365,2.4426433682543935,49155.58238441185,0,0,0,0,0,0,0,0,0,0,0,0,0,0,0,0,0,0,0,0,0,0,0,0,0,0,0,0,0,0,0,0,0,0,0,0,0,0,0,0,0,0,0,0,0,0,0,0,0,0,0,0,0,0,0,0,0,0,0,52.25182818351298,0,0,0,0,0,0,0,0,0,0,0,0,0,0
37,38,Chad,38,0.6506586138541745,51.80175629374963,5.343757570839337,72753.00499136564,0,0,0,0,0,0,0,0,0,0,0,0,0,0,0,0,0,0,0,0,0,0,0,0,0,0,0,0,0,0,0,0,0,0,0,0,0,0,0,0,0,0,0,0,0,0,0,0,0,0,0,0,0,0,0,0,0,0,0,27.518817722695406,0,0,0,0,0,0,0,0,0,0,0,0,0,0
38,39,Chile,39,0.7220649621088255,55.07132052319281,7.873433123330756,78866.38587473746,0,0,0,0,0,0,0,0,0,0,0,0,0,0,0,0,0,0,0,0,0,0,0,0,0,0,0,0,0,0,0,0,0,0,0,0,0,0,0,0,0,0,0,0,0,0,0,0,0,0,0,0,0,0,0,0,0,0,0,27.75319552208104,0,0,0,0,0,0,0,0,0,0,0,0,0,0
39,40,China,40,0.8263815604519751,73.52474415920575,11.139435383944612,19773.365975399574,0,0,0,0,0,0,0,0,0,0,0,0,0,0,0,0,0,0,0,0,0,0,0,0,0,0,0,0,0,0,0,0,0,0,0,0,0,0,0,0,0,0,0,0,0,0,0,0,0,0,0,0,0,0,0,0,0,0,0,73.4523367695148,0,0,0,0,0,0,0,0,0,0,0,0,0,0
40,41,Colombia,41,0.7779775658807462,62.87240964517386,9.587669967122954,51048.84715011068,0,0,0,0,0,0,0,0,0,0,0,0,0,0,0,0,0,0,0,0,0,0,0,0,0,0,0,0,0,0,0,0,0,0,0,0,0,0,0,0,0,0,0,0,0,0,0,0,0,0,0,0,0,0,0,0,0,0,0,,0,0,0,0,0,0,0,0,0,0,0,0,0,0
41,42,Comoros,42,0.7745921754211452,53.16014195190429,12.023629947070855,26341.62513276713,0,0,0,0,0,0,0,0,0,0,0,0,0,0,0,0,0,0,0,0,0,0,0,0,0,0,0,0,0,0,0,0,0,0,0,0,0,0,0,0,0,0,0,0,0,0,0,0,0,0,0,0,0,0,0,0,0,0,0,,0,0,0,0,0,0,0,0,0,0,0,0,0,0
42,43,Congo,43,0.7239866968000818,51.427129954416735,9.090715318258901,54527.58458554031,0,0,0,0,0,0,0,0,0,0,0,0,0,0,0,0,0,0,0,0,0,0,0,0,0,0,0,0,0,0,0,0,0,0,0,0,0,0,0,0,0,0,0,0,0,0,0,0,0,0,0,0,0,0,0,0,0,0,0,,0,0,0,0,0,0,0,0,0,0,0,0,0,0
43,44,Costa Rica,44,0.690093232197439,67.92325704047484,4.7179493023752554,51968.65044234654,0,0,0,0,0,0,0,0,0,0,0,0,0,0,0,0,0,0,0,0,0,0,0,0,0,0,0,0,0,0,0,0,0,0,0,0,0,0,0,0,0,0,0,0,0,0,0,0,0,0,0,0,0,0,0,0,0,0,0,,0,0,0,0,0,0,0,0,0,0,0,0,0,0
44,45,Croatia,45,0.7681451483244447,74.1828208335863,6.640824155606449,75001.66911020203,0,0,0,0,0,0,0,0,0,0,0,0,0,0,0,0,0,0,0,0,0,0,0,0,0,0,0,0,0,0,0,0,0,0,0,0,0,0,0,0,0,0,0,0,0,0,0,0,0,0,0,0,0,0,0,0,0,0,0,17.926968749723365,0,0,0,0,0,0,0,0,0,0,0,0,0,0
45,46,Cuba,46,0.646879062793567,61.93732228675905,3.361682254887069,74050.79584400645,0,0,0,0,0,0,0,0,0,0,0,0,0,0,0,0,0,0,0,0,0,0,0,0,0,0,0,0,0,0,0,0,0,0,0,0,0,0,0,0,0,0,0,0,0,0,0,0,0,0,0,0,0,0,0,0,0,0,0,87.46989921781221,0,0,0,0,0,0,0,0,0,0,0,0,0,0
46,47,Cyprus,47,0.7776296355015178,59.027956970030445,9.91980855241015,65560.55381589604,0,0,0,0,0,0,0,0,0,0,0,0,0,0,0,0,0,0,0,0,0,0,0,0,0,0,0,0,0,0,0,0,0,0,0,0,0,0,0,0,0,0,0,0,0,0,0,0,0,0,0,0,0,0,0,0,0,0,0,57.18887629034946,0,0,0,0,0,0,0,0,0,0,0,0,0,0
47,48,Czechia,48,0.6429211886406259,68.53777024246023,4.90222749080542,8355.118656666038,0,0,0,0,0,0,0,0,0,0,0,0,0,0,0,0,0,0,0,0,0,0,0,0,0,0,0,0,0,0,0,0,0,0,0,0,0,0,0,0,0,0,0,0,0,0,0,0,0,0,0,0,0,0,0,0,0,0,0,89.33828124761271,0,0,0,0,0,0,0,0,0,0,0,0,0,0
48,49,Djibouti,49,0.833430874219084,81.51463200071657,9.597217487279215,27783.353492847353,0,0,0,0,0,0,0,0,0,0,0,0,0,0,0,0,0,0,0,0,0,0,0,0,0,0,0,0,0,0,0,0,0,0,0,0,0,0,0,0,0,0,0,0,0,0,0,0,0,0,0,0,0,0,0,0,0,0,0,37.82570001359012,0,0,0,0,0,0,0,0,0,0,0,0,0,0
49,50,Dominica,50,0.9074742738537301,75.40844876045838,12.765323119430924,71079.82751694426,0,0,0,0,0,0,0,0,0,0,0,0,0,0,0,0,0,0,0,0,0,0,0,0,0,0,0,0,0,0,0,0,0,0,0,0,0,0,0,0,0,0,0,0,0,0,0,0,0,0,0,0,0,0,0,0,0,0,0,78.30830131061664,0,0,0,0,0,0,0,0,0,0,0,0,0,0
50,51,Dominican Republic,51,0.6309591227798689,72.47110761540007,3.009679579940586,13768.668413474488,0,0,0,0,0,0,0,0,0,0,0,0,0,0,0,0,0,0,0,0,0,0,0,0,0,0,0,0,0,0,0,0,0,0,0,0,0,0,0,0,0,0,0,0,0,0,0,0,0,0,0,0,0,0,0,0,0,0,0,89.46409372154545,0,0,0,0,0,0,0,0,0,0,0,0,0,0
51,52,Ecuador,52,0.5936544791104458,71.22501708808565,2.1103646193995558,9016.251886416536,0,0,0,0,0,0,0,0,0,0,0,0,0,0,0,0,0,0,0,0,0,0,0,0,0,0,0,0,0,0,0,0,0,0,0,0,0,0,0,0,0,0,0,0,0,0,0,0,0,0,0,0,0,0,0,0,0,0,0,67.36916629615725,0,0,0,0,0,0,0,0,0,0,0,0,0,0
52,53,Egypt,53,0.5983283568592673,50.17715543461765,3.929696617009984,44349.969359960305,0,0,0,0,0,0,0,0,0,0,0,0,0,0,0,0,0,0,0,0,0,0,0,0,0,0,0,0,0,0,0,0,0,0,0,0,0,0,0,0,0,0,0,0,0,0,0,0,0,0,0,0,0,0,0,0,0,0,0,70.03814858311317,0,0,0,0,0,0,0,0,0,0,0,0,0,0
53,54,El Salvador,54,0.7115457345033578,72.81864408259102,4.691231713526717,57262.15848645533,0,0,0,0,0,0,0,0,0,0,0,0,0,0,0,0,0,0,0,0,0,0,0,0,0,0,0,0,0,0,0,0,0,0,0,0,0,0,0,0,0,0,0,0,0,0,0,0,0,0,0,0,0,0,0,0,0,0,0,27.301414224699208,0,0,0,0,0,0,0,0,0,0,0,0,0,0
54,55,Equatorial Guinea,55,0.8033325951597218,61.38898943557437,10.95789686141629,52320.99902472996,0,0,0,0,0,0,0,0,0,0,0,0,0,0,0,0,0,0,0,0,0,0,0,0,0,0,0,0,0,0,0,0,0,0,0,0,0,0,0,0,0,0,0,0,0,0,0,0,0,0,0,0,0,0,0,0,0,0,0,84.82700058645273,0,0,0,0,0,0,0,0,0,0,0,0,0,0
55,56,Eritrea,56,0.7476980641135139,73.01645123051202,8.81970324002566,8400.306658419306,0,0,0,0,0,0,0,0,0,0,0,0,0,0,0,0,0,0,0,0,0,0,0,0,0,0,0,0,0,0,0,0,0,0,0,0,0,0,0,0,0,0,0,0,0,0,0,0,0,0,0,0,0,0,0,0,0,0,0,39.56528548758675,0,0,0,0,0,0,0,0,0,0,0,0,0,0
56,57,Estonia,57,0.6727467190216226,59.28208286886039,4.927875720549003,77867.8338254432,0,0,0,0,0,0,0,0,0,0,0,0,0,0,0,0,0,0,0,0,0,0,0,0,0,0,0,0,0,0,0,0,0,0,0,0,0,0,0,0,0,0,0,0,0,0,0,0,0,0,0,0,0,0,0,0,0,0,0,41.95118611867548,0,0,0,0,0,0,0,0,0,0,0,0,0,0
57,58,Eswatini,58,0.8561675588428926,81.22162943119896,9.573663511967155,63790.09297979023,0,0,0,0,0,0,0,0,0,0,0,0,0,0,0,0,0,0,0,0,0,0,0,0,0,0,0,0,0,0,0,0,0,0,0,0,0,0,0,0,0,0,0,0,0,0,0,0,0,0,0,0,0,0,0,0,0,0,0,52.24788675188806,0,0,0,0,0,0,0,0,0,0,0,0,0,0
58,59,Ethiopia,59,0.7361000027085668,70.19163596192257,7.910212325826366,16424.196036045516,0,0,0,0,0,0,0,0,0,0,0,0,0,0,0,0,0,0,0,0,0,0,0,0,0,0,0,0,0,0,0,0,0,0,0,0,0,0,0,0,0,0,0,0,0,0,0,0,0,0,0,0,0,0,0,0,0,0,0,72.9104988345815,0,0,0,0,0,0,0,0,0,0,0,0,0,0
59,60,Fiji,60,0.6044420848638458,59.827032685429955,2.291791597177446,51992.31137666626,0,0,0,0,0,0,0,0,0,0,0,0,0,0,0,0,0,0,0,0,0,0,0,0,0,0,0,0,0,0,0,0,0,0,0,0,0,0,0,0,0,0,0,0,0,0,0,0,0,0,0,0,0,0,0,0,0,0,0,21.6484038642626,0,0,0,0,0,0,0,0,0,0,0,0,0,0
60,61,Finland,61,0.952960354455544,82.91605045235201,13.447142924031048,73274.28682741543,0,0,0,0,0,0,0,0,0,0,0,0,0,0,0,0,0,0,0,0,0,0,0,0,0,0,0,0,0,0,0,0,0,0,0,0,0,0,0,0,0,0,0,0,0,0,0,0,0,0,0,0,0,0,0,0,0,0,0,39.794917824011776,0,0,0,0,0,0,0,0,0,0,0,0,0,0
61,62,France,62,0.797325523789401,50.54098157851036,13.139822751052705,34826.547717067835,0,0,0,0,0,0,0,0,0,0,0,0,0,0,0,0,0,0,0,0,0,0,0,0,0,0,0,0,0,0,0,0,0,0,0,0,0,0,0,0,0,0,0,0,0,0,0,0,0,0,0,0,0,0,0,0,0,0,0,95.86555299010494,0,0,0,0,0,0,0,0,0,0,0,0,0,0
62,63,Gabon,63,0.8967670753658982,83.72669919812384,12.236113465608321,24261.462473497268,0,0,0,0,0,0,0,0,0,0,0,0,0,0,0,0,0,0,0,0,0,0,0,0,0,0,0,0,0,0,0,0,0,0,0,0,0,0,0,0,0,0,0,0,0,0,0,0,0,0,0,0,0,0,0,0,0,0,0,41.19918648858098,0,0,0,0,0,0,0,0,0,0,0,0,0,0
63,64,Gambia,64,0.7230310955017236,79.78978350308999,5.803064061875332,14389.926988201307,0,0,0,0,0,0,0,0,0,0,0,0,0,0,0,0,0,0,0,0,0,0,0,0,0,0,0,0,0,0,0,0,0,0,0,0,0,0,0,0,0,0,0,0,0,0,0,0,0,0,0,0,0,0,0,0,0,0,0,57.33931867108492,0,0,0,0,0,0,0,0,0,0,0,0,0,0
64,65,Georgia,65,0.869946267004146,82.76541709562733,10.352357560099676,46034.832437059835,0,0,0,0,0,0,0,0,0,0,0,0,0,0,0,0,0,0,0,0,0,0,0,0,0,0,0,0,0,0,0,0,0,0,0,0,0,0,0,0,0,0,0,0,0,0,0,0,0,0,0,0,0,0,0,0,0,0,0,14.134590414452243,0,0,0,0,0,0,0,0,0,0,0,0,0,0
65,66,Ghana,66,0.8649518442517278,71.52525293447094,13.88064620125116,12066.637203685399,0,0,0,0,0,0,0,0,0,0,0,0,0,0,0,0,0,0,0,0,0,0,0,0,0,0,0,0,0,0,0,0,0,0,0,0,0,0,0,0,0,0,0,0,0,0,0,0,0,0,0,0,0,0,0,0,0,0,0,53.72298732219125,0,0,0,0,0,0,0,0,0,0,0,0,0,0
66,67,Greece,67,0.8795968785772112,80.70805751747844,10.889223413050454,56064.24353862617,0,0,0,0,0,0,0,0,0,0,0,0,0,0,0,0,0,0,0,0,0,0,0,0,0,0,0,0,0,0,0,0,0,0,0,0,0,0,0,0,0,0,0,0,0,0,0,0,0,0,0,0,0,0,0,0,0,0,0,71.03350389478827,0,0,0,0,0,0,0,0,0,0,0,0,0,0
67,68,Grenada,68,0.6935837083743155,62.58219029269143,5.52310213117392,64939.53128280258,0,0,0,0,0,0,0,0,0,0,0,0,0,0,0,0,0,0,0,0,0,0,0,0,0,0,0,0,0,0,0,0,0,0,0,0,0,0,0,0,0,0,0,0,0,0,0,0,0,0,0,0,0,0,0,0,0,0,0,81.150659099843,0,0,0,0,0,0,0,0,0,0,0,0,0,0
68,69,Guatemala,69,0.9152680202083546,80.34753115030364,12.958886630677656,41396.04951001408,0,0,0,0,0,0,0,0,0,0,0,0,0,0,0,0,0,0,0,0,0,0,0,0,0,0,0,0,0,0,0,0,0,0,0,0,0,0,0,0,0,0,0,0,0,0,0,0,0,0,0,0,0,0,0,0,0,0,0,52.14253170059676,0,0,0,0,0,0,0,0,0,0,0,0,0,0
69,70,Guinea,70,0.8447326420300593,77.94033126383712,9.799567169333182,56455.38330335856,0,0,0,0,0,0,0,0,0,0,0,0,0,0,0,0,0,0,0,0,0,0,0,0,0,0,0,0,0,0,0,0,0,0,0,0,0,0,0,0,0,0,0,0,0,0,0,0,0,0,0,0,0,0,0,0,0,0,0,79.8045109269935,0,0,0,0,0,0,0,0,0,0,0,0,0,0
70,71,Guinea-Bissau,71,0.7562105920505927,81.15018696361483,6.05594188221843,30671.053258555577,0,0,0,0,0,0,0,0,0,0,0,0,0,0,0,0,0,0,0,0,0,0,0,0,0,0,0,0,0,0,0,0,0,0,0,0,0,0,0,0,0,0,0,0,0,0,0,0,0,0,0,0,0,0,0,0,0,0,0,13.834302345041685,0,0,0,0,0,0,0,0,0,0,0,0,0,0
71,72,Guyana,72,0.6390010584681477,70.23980493486609,2.431307285560905,37782.243432464355,0,0,0,0,0,0,0,0,0,0,0,0,0,0,0,0,0,0,0,0,0,0,0,0,0,0,0,0,0,0,0,0,0,0,0,0,0,0,0,0,0,0,0,0,0,0,0,0,0,0,0,0,0,0,0,0,0,0,0,56.0085956625122,0,0,0,0,0,0,0,0,0,0,0,0,0,0
72,73,Haiti,73,0.6762926365489331,60.02894382448996,9.089999126828129,3409.519745184905,0,0,0,0,0,0,0,0,0,0,0,0,0,0,0,0,0,0,0,0,0,0,0,0,0,0,0,0,0,0,0,0,0,0,0,0,0,0,0,0,0,0,0,0,0,0,0,0,0,0,0,0,0,0,0,0,0,0,0,8.510729742426156,0,0,0,0,0,0,0,0,0,0,0,0,0,0
73,74,Honduras,74,0.7228642788912606,78.79101962308803,6.322287696935154,11037.780499498898,0,0,0,0,0,0,0,0,0,0,0,0,0,0,0,0,0,0,0,0,0,0,0,0,0,0,0,0,0,0,0,0,0,0,0,0,0,0,0,0,0,0,0,0,0,0,0,0,0,0,0,0,0,0,0,0,0,0,0,54.09086644515161,0,0,0,0,0,0,0,0,0,0,0,0,0,0
74,75,Hungary,75,0.7216327538333668,76.94977435845138,4.589852329962119,50208.34758970102,0,0,0,0,0,0,0,0,0,0,0,0,0,0,0,0,0,0,0,0,0,0,0,0,0,0,0,0,0,0,0,0,0,0,0,0,0,0,0,0,0,0,0,0,0,0,0,0,0,0,0,0,0,0,0,0,0,0,0,13.02266170941419,0,0,0,0,0,0,0,0,0,0,0,0,0,0
75,76,Iceland,76,0.7031128777649278,51.80886024090127,8.376255578817776,43710.174607198416,0,0,0,0,0,0,0,0,0,0,0,0,0,0,0,0,0,0,0,0,0,0,0,0,0,0,0,0,0,0,0,0,0,0,0,0,0,0,0,0,0,0,0,0,0,0,0,0,0,0,0,0,0,0,0,0,0,0,0,64.91841074083142,0,0,0,0,0,0,0,0,0,0,0,0,0,0
76,77,India,77,0.9128906572211853,75.41319668029315,13.710224953550416,41787.72751579443,0,0,0,0,0,0,0,0,0,0,0,0,0,0,0,0,0,0,0,0,0,0,0,0,0,0,0,0,0,0,0,0,0,0,0,0,0,0,0,0,0,0,0,0,0,0,0,0,0,0,0,0,0,0,0,0,0,0,0,35.35790845647712,0,0,0,0,0,0,0,0,0,0,0,0,0,0
77,78,Indonesia,78,0.7297275102471249,77.83151681690462,5.249987015144891,35678.74223574525,0,0,0,0,0,0,0,0,0,0,0,0,0,0,0,0,0,0,0,0,0,0,0,0,0,0,0,0,0,0,0,0,0,0,0,0,0,0,0,0,0,0,0,0,0,0,0,0,0,0,0,0,0,0,0,0,0,0,0,12.374899846173001,0,0,0,0,0,0,0,0,0,0,0,0,0,0
78,79,Iran,79,0.8270723028177391,50.88727601954101,13.5517809761351,67042.42952046425,0,0,0,0,0,0,0,0,0,0,0,0,0,0,0,0,0,0,0,0,0,0,0,0,0,0,0,0,0,0,0,0,0,0,0,0,0,0,0,0,0,0,0,0,0,0,0,0,0,0,0,0,0,0,0,0,0,0,0,70.42157537280761,0,0,0,0,0,0,0,0,0,0,0,0,0,0
79,80,Iraq,80,0.6218543272957622,64.31335305449944,4.07953184085015,13358.526371015798,0,0,0,0,0,0,0,0,0,0,0,0,0,0,0,0,0,0,0,0,0,0,0,0,0,0,0,0,0,0,0,0,0,0,0,0,0,0,0,0,0,0,0,0,0,0,0,0,0,0,0,0,0,0,0,0,0,0,0,28.52283242747196,0,0,0,0,0,0,0,0,0,0,0,0,0,0
80,81,Ireland,81,0.8260132379756183,69.22293326471421,10.575151072400748,53155.59276070077,0,0,0,0,0,0,0,0,0,0,0,0,0,0,0,0,0,0,0,0,0,0,0,0,0,0,0,0,0,0,0,0,0,0,0,0,0,0,0,0,0,0,0,0,0,0,0,0,0,0,0,0,0,0,0,0,0,0,0,31.313786312918626,0,0,0,0,0,0,0,0,0,0,0,0,0,0
81,82,Israel,82,0.882876479325872,83.4202848232118,10.854763000349223,44793.97014840065,0,0,0,0,0,0,0,0,0,0,0,0,0,0,0,0,0,0,0,0,0,0,0,0,0,0,0,0,0,0,0,0,0,0,0,0,0,0,0,0,0,0,0,0,0,0,0,0,0,0,0,0,0,0,0,0,0,0,0,62.50175014602911,0,0,0,0,0,0,0,0,0,0,0,0,0,0
82,83,Italy,83,0.6660525730360553,64.68600218497265,4.9727718740138895,29121.841613449666,0,0,0,0,0,0,0,0,0,0,0,0,0,0,0,0,0,0,0,0,0,0,0,0,0,0,0,0,0,0,0,0,0,0,0,0,0,0,0,0,0,0,0,0,0,0,0,0,0,0,0,0,0,0,0,0,0,0,0,76.2375343836507,0,0,0,0,0,0,0,0,0,0,0,0,0,0
83,84,Jamaica,84,0.521348907402396,50.50377210204145,3.392871686082995,4634.208719718467,0,0,0,0,0,0,0,0,0,0,0,0,0,0,0,0,0,0,0,0,0,0,0,0,0,0,0,0,0,0,0,0,0,0,0,0,0,0,0,0,0,0,0,0,0,0,0,0,0,0,0,0,0,0,0,0,0,0,0,8.828507417983193,0,0,0,0,0,0,0,0,0,0,0,0,0,0
84,85,Japan,85,0.8556248580671282,79.94112044038525,10.443894312560284,38459.73249789869,0,0,0,0,0,0,0,0,0,0,0,0,0,0,0,0,0,0,0,0,0,0,0,0,0,0,0,0,0,0,0,0,0,0,0,0,0,0,0,0,0,0,0,0,0,0,0,0,0,0,0,0,0,0,0,0,0,0,0,14.196411101194139,0,0,0,0,0,0,0,0,0,0,0,0,0,0
85,86,Jordan,86,0.716023708959455,67.20655562908914,7.681661249366789,14682.9477228912,0,0,0,0,0,0,0,0,0,0,0,0,0,0,0,0,0,0,0,0,0,0,0,0,0,0,0,0,0,0,0,0,0,0,0,0,0,0,0,0,0,0,0,0,0,0,0,0,0,0,0,0,0,0,0,0,0,0,0,45.78205502836946,0,0,0,0,0,0,0,0,0,0,0,0,0,0
86,87,Kazakhstan,87,0.7778770520088288,63.94766570390807,9.390201176626597,51172.39841854386,0,0,0,0,0,0,0,0,0,0,0,0,0,0,0,0,0,0,0,0,0,0,0,0,0,0,0,0,0,0,0,0,0,0,0,0,0,0,0,0,0,0,0,0,0,0,0,0,0,0,0,0,0,0,0,0,0,0,0,9.258576918572185,0,0,0,0,0,0,0,0,0,0,0,0,0,0
87,88,Kenya,88,0.7705771243489226,63.11144151192649,9.510318988570837,40747.76442782693,0,0,0,0,0,0,0,0,0,0,0,0,0,0,0,0,0,0,0,0,0,0,0,0,0,0,0,0,0,0,0,0,0,0,0,0,0,0,0,0,0,0,0,0,0,0,0,0,0,0,0,0,0,0,0,0,0,0,0,85.5100450717023,0,0,0,0,0,0,0,0,0,0,0,0,0,0
88,89,Kiribati,89,0.6325514561909578,73.05427710666308,3.9552131249771563,6574.931044633958,0,0,0,0,0,0,0,0,0,0,0,0,0,0,0,0,0,0,0,0,0,0,0,0,0,0,0,0,0,0,0,0,0,0,0,0,0,0,0,0,0,0,0,0,0,0,0,0,0,0,0,0,0,0,0,0,0,0,0,65.38741215139368,0,0,0,0,0,0,0,0,0,0,0,0,0,0
89,90,Kuwait,90,0.7301348347148231,50.92789586895676,9.02930697528156,75278.18907257165,0,0,0,0,0,0,0,0,0,0,0,0,0,0,0,0,0,0,0,0,0,0,0,0,0,0,0,0,0,0,0,0,0,0,0,0,0,0,0,0,0,0,0,0,0,0,0,0,0,0,0,0,0,0,0,0,0,0,0,59.09457272033262,0,0,0,0,0,0,0,0,0,0,0,0,0,0
90,91,Kyrgyzstan,91,0.7744118881575558,63.58594741722827,9.719458621308238,37201.97834882981,0,0,0,0,0,0,0,0,0,0,0,0,0,0,0,0,0,0,0,0,0,0,0,0,0,0,0,0,0,0,0,0,0,0,0,0,0,0,0,0,0,0,0,0,0,0,0,0,0,0,0,0,0,0,0,0,0,0,0,56.28797819569788,0,0,0,0,0,0,0,0,0,0,0,0,0,0
91,92,Laos,92,0.8031095530597671,82.95126830717838,6.6332316536092915,76934.05454208922,0,0,0,0,0,0,0,0,0,0,0,0,0,0,0,0,0,0,0,0,0,0,0,0,0,0,0,0,0,0,0,0,0,0,0,0,0,0,0,0,0,0,0,0,0,0,0,0,0,0,0,0,0,0,0,0,0,0,0,90.10296034387,0,0,0,0,0,0,0,0,0,0,0,0,0,0
92,93,Latvia,93,0.553157206379668,56.852689717625374,2.8323356105019855,8961.462108816704,0,0,0,0,0,0,0,0,0,0,0,0,0,0,0,0,0,0,0,0,0,0,0,0,0,0,0,0,0,0,0,0,0,0,0,0,0,0,0,0,0,0,0,0,0,0,0,0,0,0,0,0,0,0,0,0,0,0,0,6.712851611245674,0,0,0,0,0,0,0,0,0,0,0,0,0,0
93,94,Lebanon,94,0.6940091727923811,53.305503626457494,10.196081280996282,6623.90322835809,0,0,0,0,0,0,0,0,0,0,0,0,0,0,0,0,0,0,0,0,0,0,0,0,0,0,0,0,0,0,0,0,0,0,0,0,0,0,0,0,0,0,0,0,0,0,0,0,0,0,0,0,0,0,0,0,0,0,0,34.98370924761356,0,0,0,0,0,0,0,0,0,0,0,0,0,0
94,95,Lesotho,95,0.6883016549264761,79.5706358839309,2.2792632288299104,65343.01012452593,0,0,0,0,0,0,0,0,0,0,0,0,0,0,0,0,0,0,0,0,0,0,0,0,0,0,0,0,0,0,0,0,0,0,0,0,0,0,0,0,0,0,0,0,0,0,0,0,0,0,0,0,0,0,0,0,0,0,0,31.494348828699593,0,0,0,0,0,0,0,0,0,0,0,0,0,0
95,96,Liberia,96,0.7606887150036217,54.135768966757965,10.360845984369808,50686.48489561083,0,0,0,0,0,0,0,0,0,0,0,0,0,0,0,0,0,0,0,0,0,0,0,0,0,0,0,0,0,0,0,0,0,0,0,0,0,0,0,0,0,0,0,0,0,0,0,0,0,0,0,0,0,0,0,0,0,0,0,87.48236927154298,0,0,0,0,0,0,0,0,0,0,0,0,0,0
96,97,Libya,97,0.8509782106414256,75.727486533136,11.641771164618183,23280.731233133214,0,0,0,0,0,0,0,0,0,0,0,0,0,0,0,0,0,0,0,0,0,0,0,0,0,0,0,0,0,0,0,0,0,0,0,0,0,0,0,0,0,0,0,0,0,0,0,0,0,0,0,0,0,0,0,0,0,0,0,21.679317115293944,0,0,0,0,0,0,0,0,0,0,0,0,0,0
97,98,Liechtenstein,98,0.889980644772438,76.27151630743003,11.682016871207168,79249.90621805319,0,0,0,0,0,0,0,0,0,0,0,0,0,0,0,0,0,0,0,0,0,0,0,0,0,0,0,0,0,0,0,0,0,0,0,0,0,0,0,0,0,0,0,0,0,0,0,0,0,0,0,0,0,0,0,0,0,0,0,43.78606162967409,0,0,0,0,0,0,0,0,0,0,0,0,0,0
98,99,Lithuania,99,0.7992695326127898,63.02063300274741,11.316955528903963,27923.47967998841,0,0,0,0,0,0,0,0,0,0,0,0,0,0,0,0,0,0,0,0,0,0,0,0,0,0,0,0,0,0,0,0,0,0,0,0,0,0,0,0,0,0,0,0,0,0,0,0,0,0,0,0,0,0,0,0,0,0,0,92.49118860673508,0,0,0,0,0,0,0,0,0,0,0,0,0,0
99,100,Luxembourg,100,0.796002702785298,80.04444631450542,7.14792832850022,60318.814355528295,0,0,0,0,0,0,0,0,0,0,0,0,0,0,0,0,0,0,0,0,0,0,0,0,0,0,0,0,0,0,0,0,0,0,0,0,0,0,0,0,0,0,0,0,0,0,0,0,0,0,0,0,0,0,0,0,0,0,0,75.92703016396014,0,0,0,0,0,0,0,0,0,0,0,0,0,0
100,101,Madagascar,101,0.8072189983559918,53.60933540925764,12.8306348801548,40914.93742338072,0,0,0,0,0,0,0,0,0,0,0,0,0,0,0,0,0,0,0,0,0,0,0,0,0,0,0,0,0,0,0,0,0,0,0,0,0,0,0,0,0,0,0,0,0,0,0,0,0,0,0,0,0,0,0,0,0,0,0,82.68700181412771,0,0,0,0,0,0,0,0,0,0,0,0,0,0
101,102,Malawi,102,0.8276680231460123,61.20173603607141,12.746278741954406,31746.932619998886,0,0,0,0,0,0,0,0,0,0,0,0,0,0,0,0,0,0,0,0,0,0,0,0,0,0,0,0,0,0,0,0,0,0,0,0,0,0,0,0,0,0,0,0,0,0,0,0,0,0,0,0,0,0,0,0,0,0,0,6.018739239148045,0,0,0,0,0,0,0,0,0,0,0,0,0,0
102,103,Malaysia,103,0.6879339177512795,81.68836917467422,3.0954401214336027,26225.777369642776,0,0,0,0,0,0,0,0,0,0,0,0,0,0,0,0,0,0,0,0,0,0,0,0,0,0,0,0,0,0,0,0,0,0,0,0,0,0,0,0,0,0,0,0,0,0,0,0,0,0,0,0,0,0,0,0,0,0,0,94.30582490277567,0,0,0,0,0,0,0,0,0,0,0,0,0,0
103,104,Maldives,104,0.8421978803493303,83.27125014281447,8.881254657479433,50915.13976141414,0,0,0,0,0,0,0,0,0,0,0,0,0,0,0,0,0,0,0,0,0,0,0,0,0,0,0,0,0,0,0,0,0,0,0,0,0,0,0,0,0,0,0,0,0,0,0,0,0,0,0,0,0,0,0,0,0,0,0,47.15387906596206,0,0,0,0,0,0,0,0,0,0,0,0,0,0
104,105,Mali,105,0.6884916704001256,60.26237700943226,5.9439745444389915,54128.95803008603,0,0,0,0,0,0,0,0,0,0,0,0,0,0,0,0,0,0,0,0,0,0,0,0,0,0,0,0,0,0,0,0,0,0,0,0,0,0,0,0,0,0,0,0,0,0,0,0,0,0,0,0,0,0,0,0,0,0,0,75.72320576714192,0,0,0,0,0,0,0,0,0,0,0,0,0,0
105,106,Malta,106,0.8244116061623677,77.7052665304047,11.475417713534647,8205.282140846539,0,0,0,0,0,0,0,0,0,0,0,0,0,0,0,0,0,0,0,0,0,0,0,0,0,0,0,0,0,0,0,0,0,0,0,0,0,0,0,0,0,0,0,0,0,0,0,0,0,0,0,0,0,0,0,0,0,0,0,51.475508642042655,0,0,0,0,0,0,0,0,0,0,0,0,0,0
106,107,Marshall Islands,107,0.7029695668947351,52.01455660058255,8.594346587884827,35880.90960849678,0,0,0,0,0,0,0,0,0,0,0,0,0,0,0,0,0,0,0,0,0,0,0,0,0,0,0,0,0,0,0,0,0,0,0,0,0,0,0,0,0,0,0,0,0,0,0,0,0,0,0,0,0,0,0,0,0,0,0,88.44419317928018,0,0,0,0,0,0,0,0,0,0,0,0,0,0
107,108,Mauritania,108,0.5964612024779856,62.28202543932275,3.4048041971312704,12296.342882174033,0,0,0,0,0,0,0,0,0,0,0,0,0,0,0,0,0,0,0,0,0,0,0,0,0,0,0,0,0,0,0,0,0,0,0,0,0,0,0,0,0,0,0,0,0,0,0,0,0,0,0,0,0,0,0,0,0,0,0,76.58199938144239,0,0,0,0,0,0,0,0,0,0,0,0,0,0
108,109,Mauritius,109,0.6149389550718302,71.63763221606914,3.213472113473483,7644.437683084798,0,0,0,0,0,0,0,0,0,0,0,0,0,0,0,0,0,0,0,0,0,0,0,0,0,0,0,0,0,0,0,0,0,0,0,0,0,0,0,0,0,0,0,0,0,0,0,0,0,0,0,0,0,0,0,0,0,0,0,70.89109835715728,0,0,0,0,0,0,0,0,0,0,0,0,0,0
109,110,Mexico,110,0.7911639344723108,52.54670522274677,11.862320711484275,56793.1359453632,0,0,0,0,0,0,0,0,0,0,0,0,0,0,0,0,0,0,0,0,0,0,0,0,0,0,0,0,0,0,0,0,0,0,0,0,0,0,0,0,0,0,0,0,0,0,0,0,0,0,0,0,0,0,0,0,0,0,0,12.646785380338578,0,0,0,0,0,0,0,0,0,0,0,0,0,0
110,111,Micronesia,111,0.8185698111164119,52.96931999298172,13.839674942014106,30567.392864733505,0,0,0,0,0,0,0,0,0,0,0,0,0,0,0,0,0,0,0,0,0,0,0,0,0,0,0,0,0,0,0,0,0,0,0,0,0,0,0,0,0,0,0,0,0,0,0,0,0,0,0,0,0,0,0,0,0,0,0,39.84036182428775,0,0,0,0,0,0,0,0,0,0,0,0,0,0
111,112,Moldova,112,0.9358273522972417,78.44798485401259,13.366982928606305,78894.0840420068,0,0,0,0,0,0,0,0,0,0,0,0,0,0,0,0,0,0,0,0,0,0,0,0,0,0,0,0,0,0,0,0,0,0,0,0,0,0,0,0,0,0,0,0,0,0,0,0,0,0,0,0,0,0,0,0,0,0,0,75.81754941434052,0,0,0,0,0,0,0,0,0,0,0,0,0,0
112,113,Monaco,113,0.6386869110362923,63.16908549358205,3.002008600384025,62394.606358267505,0,0,0,0,0,0,0,0,0,0,0,0,0,0,0,0,0,0,0,0,0,0,0,0,0,0,0,0,0,0,0,0,0,0,0,0,0,0,0,0,0,0,0,0,0,0,0,0,0,0,0,0,0,0,0,0,0,0,0,57.489999475165675,0,0,0,0,0,0,0,0,0,0,0,0,0,0
113,114,Mongolia,114,0.8102893328375722,64.84777032364417,12.876252621136832,9784.601102185956,0,0,0,0,0,0,0,0,0,0,0,0,0,0,0,0,0,0,0,0,0,0,0,0,0,0,0,0,0,0,0,0,0,0,0,0,0,0,0,0,0,0,0,0,0,0,0,0,0,0,0,0,0,0,0,0,0,0,0,51.30675980334076,0,0,0,0,0,0,0,0,0,0,0,0,0,0
114,115,Montenegro,115,0.619706087905048,50.39737756685967,7.623927703929516,5447.958778865151,0,0,0,0,0,0,0,0,0,0,0,0,0,0,0,0,0,0,0,0,0,0,0,0,0,0,0,0,0,0,0,0,0,0,0,0,0,0,0,0,0,0,0,0,0,0,0,0,0,0,0,0,0,0,0,0,0,0,0,16.16888412919876,0,0,0,0,0,0,0,0,0,0,0,0,0,0
115,116,Morocco,116,0.7528505199098974,54.11341863719867,9.790523625392762,59937.54546196844,0,0,0,0,0,0,0,0,0,0,0,0,0,0,0,0,0,0,0,0,0,0,0,0,0,0,0,0,0,0,0,0,0,0,0,0,0,0,0,0,0,0,0,0,0,0,0,0,0,0,0,0,0,0,0,0,0,0,0,59.836663919133,0,0,0,0,0,0,0,0,0,0,0,0,0,0
116,117,Mozambique,117,0.7682171255364881,83.67603919660897,6.498446954284448,23571.254816267,0,0,0,0,0,0,0,0,0,0,0,0,0,0,0,0,0,0,0,0,0,0,0,0,0,0,0,0,0,0,0,0,0,0,0,0,0,0,0,0,0,0,0,0,0,0,0,0,0,0,0,0,0,0,0,0,0,0,0,86.64831804980926,0,0,0,0,0,0,0,0,0,0,0,0,0,0
117,118,Myanmar,118,0.7507012734418921,57.82585434818084,13.558670473287336,1960.203500495491,0,0,0,0,0,0,0,0,0,0,0,0,0,0,0,0,0,0,0,0,0,0,0,0,0,0,0,0,0,0,0,0,0,0,0,0,0,0,0,0,0,0,0,0,0,0,0,0,0,0,0,0,0,0,0,0,0,0,0,96.16860971051807,0,0,0,0,0,0,0,0,0,0,0,0,0,0
118,119,Namibia,119,0.7971921542962378,51.51059691827017,12.693717364376853,42688.38761781769,0,0,0,0,0,0,0,0,0,0,0,0,0,0,0,0,0,0,0,0,0,0,0,0,0,0,0,0,0,0,0,0,0,0,0,0,0,0,0,0,0,0,0,0,0,0,0,0,0,0,0,0,0,0,0,0,0,0,0,98.33869083521424,0,0,0,0,0,0,0,0,0,0,0,0,0,0
119,120,Nauru,120,0.7289952182803349,52.58287976573896,8.64625141281585,77574.90031390882,0,0,0,0,0,0,0,0,0,0,0,0,0,0,0,0,0,0,0,0,0,0,0,0,0,0,0,0,0,0,0,0,0,0,0,0,0,0,0,0,0,0,0,0,0,0,0,0,0,0,0,0,0,0,0,0,0,0,0,54.17119735199399,0,0,0,0,0,0,0,0,0,0,0,0,0,0
120,121,Nepal,121,0.8212787717328663,72.02895233473419,10.348984267815407,36908.74411665409,0,0,0,0,0,0,0,0,0,0,0,0,0,0,0,0,0,0,0,0,0,0,0,0,0,0,0,0,0,0,0,0,0,0,0,0,0,0,0,0,0,0,0,0,0,0,0,0,0,0,0,0,0,0,0,0,0,0,0,63.99045952790196,0,0,0,0,0,0,0,0,0,0,0,0,0,0
121,122,Netherlands,122,0.8086496214643413,70.4510009173085,12.813896125891867,4590.264046975171,0,0,0,0,0,0,0,0,0,0,0,0,0,0,0,0,0,0,0,0,0,0,0,0,0,0,0,0,0,0,0,0,0,0,0,0,0,0,0,0,0,0,0,0,0,0,0,0,0,0,0,0,0,0,0,0,0,0,0,31.41053982166965,0,0,0,0,0,0,0,0,0,0,0,0,0,0
122,123,New Zealand,123,0.9172800974607164,83.26440194267956,12.683165406690996,36996.88347007132,0,0,0,0,0,0,0,0,0,0,0,0,0,0,0,0,0,0,0,0,0,0,0,0,0,0,0,0,0,0,0,0,0,0,0,0,0,0,0,0,0,0,0,0,0,0,0,0,0,0,0,0,0,0,0,0,0,0,0,63.29246419334445,0,0,0,0,0,0,0,0,0,0,0,0,0,0
123,124,Nicaragua,124,0.6381653589218221,59.70834140433964,4.257453916685136,37632.17399025859,0,0,0,0,0,0,0,0,0,0,0,0,0,0,0,0,0,0,0,0,0,0,0,0,0,0,0,0,0,0,0,0,0,0,0,0,0,0,0,0,0,0,0,0,0,0,0,0,0,0,0,0,0,0,0,0,0,0,0,38.21510943444896,0,0,0,0,0,0,0,0,0,0,0,0,0,0
124,125,Niger,125,0.6721626022908582,70.42796391478052,2.932815643579818,77977.18980562715,0,0,0,0,0,0,0,0,0,0,0,0,0,0,0,0,0,0,0,0,0,0,0,0,0,0,0,0,0,0,0,0,0,0,0,0,0,0,0,0,0,0,0,0,0,0,0,0,0,0,0,0,0,0,0,0,0,0,0,97.70380998108267,0,0,0,0,0,0,0,0,0,0,0,0,0,0
125,126,Nigeria,126,0.7772291122866406,74.43565999069108,8.433156396129444,25452.681686619893,0,0,0,0,0,0,0,0,0,0,0,0,0,0,0,0,0,0,0,0,0,0,0,0,0,0,0,0,0,0,0,0,0,0,0,0,0,0,0,0,0,0,0,0,0,0,0,0,0,0,0,0,0,0,0,0,0,0,0,81.49673185245318,0,0,0,0,0,0,0,0,0,0,0,0,0,0
126,127,North Korea,127,0.7067191504837217,73.96559103938577,3.9514032721386956,72963.24757501355,0,0,0,0,0,0,0,0,0,0,0,0,0,0,0,0,0,0,0,0,0,0,0,0,0,0,0,0,0,0,0,0,0,0,0,0,0,0,0,0,0,0,0,0,0,0,0,0,0,0,0,0,0,0,0,0,0,0,0,82.31850083477788,0,0,0,0,0,0,0,0,0,0,0,0,0,0
127,128,North Macedonia,128,0.8818438547397802,83.24299696521734,10.70863410066032,49459.8004789274,0,0,0,0,0,0,0,0,0,0,0,0,0,0,0,0,0,0,0,0,0,0,0,0,0,0,0,0,0,0,0,0,0,0,0,0,0,0,0,0,0,0,0,0,0,0,0,0,0,0,0,0,0,0,0,0,0,0,0,44.314845411318174,0,0,0,0,0,0,0,0,0,0,0,0,0,0
128,129,Oman,129,0.8469974255786603,82.64549691739046,12.3927666740049,4572.274938388963,0,0,0,0,0,0,0,0,0,0,0,0,0,0,0,0,0,0,0,0,0,0,0,0,0,0,0,0,0,0,0,0,0,0,0,0,0,0,0,0,0,0,0,0,0,0,0,0,0,0,0,0,0,0,0,0,0,0,0,7.478495602741688,0,0,0,0,0,0,0,0,0,0,0,0,0,0
129,130,Pakistan,130,0.8395234760021655,63.17621784073174,11.726639969381996,78994.81421588061,0,0,0,0,0,0,0,0,0,0,0,0,0,0,0,0,0,0,0,0,0,0,0,0,0,0,0,0,0,0,0,0,0,0,0,0,0,0,0,0,0,0,0,0,0,0,0,0,0,0,0,0,0,0,0,0,0,0,0,19.13918776373165,0,0,0,0,0,0,0,0,0,0,0,0,0,0
130,131,Palau,131,0.7543083436497605,70.79457503732473,6.570690279572258,77623.23742735366,0,0,0,0,0,0,0,0,0,0,0,0,0,0,0,0,0,0,0,0,0,0,0,0,0,0,0,0,0,0,0,0,0,0,0,0,0,0,0,0,0,0,0,0,0,0,0,0,0,0,0,0,0,0,0,0,0,0,0,84.15917877475661,0,0,0,0,0,0,0,0,0,0,0,0,0,0
131,132,Panama,132,0.7867978925853553,79.34150466488983,7.624317917539644,33770.74068467555,0,0,0,0,0,0,0,0,0,0,0,0,0,0,0,0,0,0,0,0,0,0,0,0,0,0,0,0,0,0,0,0,0,0,0,0,0,0,0,0,0,0,0,0,0,0,0,0,0,0,0,0,0,0,0,0,0,0,0,30.700264761486387,0,0,0,0,0,0,0,0,0,0,0,0,0,0
132,133,Papua New Guinea,133,0.8044072676694638,51.97314238278245,12.376668515060638,65219.17972127613,0,0,0,0,0,0,0,0,0,0,0,0,0,0,0,0,0,0,0,0,0,0,0,0,0,0,0,0,0,0,0,0,0,0,0,0,0,0,0,0,0,0,0,0,0,0,0,0,0,0,0,0,0,0,0,0,0,0,0,98.97346128889627,0,0,0,0,0,0,0,0,0,0,0,0,0,0
133,134,Paraguay,134,0.8493800187315367,84.88228929758668,8.66518046723153,61750.00579926033,0,0,0,0,0,0,0,0,0,0,0,0,0,0,0,0,0,0,0,0,0,0,0,0,0,0,0,0,0,0,0,0,0,0,0,0,0,0,0,0,0,0,0,0,0,0,0,0,0,0,0,0,0,0,0,0,0,0,0,93.80797860894823,0,0,0,0,0,0,0,0,0,0,0,0,0,0
134,135,Peru,135,0.7316831802241291,79.7376586737094,4.968177220918372,36592.98668949739,0,0,0,0,0,0,0,0,0,0,0,0,0,0,0,0,0,0,0,0,0,0,0,0,0,0,0,0,0,0,0,0,0,0,0,0,0,0,0,0,0,0,0,0,0,0,0,0,0,0,0,0,0,0,0,0,0,0,0,17.14098502424053,0,0,0,0,0,0,0,0,0,0,0,0,0,0
135,136,Philippines,136,0.8225490529720334,83.39178595405528,9.27409561341056,19062.781634773553,0,0,0,0,0,0,0,0,0,0,0,0,0,0,0,0,0,0,0,0,0,0,0,0,0,0,0,0,0,0,0,0,0,0,0,0,0,0,0,0,0,0,0,0,0,0,0,0,0,0,0,0,0,0,0,0,0,0,0,68.13986433415053,0,0,0,0,0,0,0,0,0,0,0,0,0,0
136,137,Poland,137,0.6912738115634562,71.63448841602636,6.297952616394086,9971.049783770693,0,0,0,0,0,0,0,0,0,0,0,0,0,0,0,0,0,0,0,0,0,0,0,0,0,0,0,0,0,0,0,0,0,0,0,0,0,0,0,0,0,0,0,0,0,0,0,0,0,0,0,0,0,0,0,0,0,0,0,68.12788038572316,0,0,0,0,0,0,0,0,0,0,0,0,0,0
137,138,Portugal,138,0.8305838957677653,68.21076953163276,11.267820700827672,42092.916587847474,0,0,0,0,0,0,0,0,0,0,0,0,0,0,0,0,0,0,0,0,0,0,0,0,0,0,0,0,0,0,0,0,0,0,0,0,0,0,0,0,0,0,0,0,0,0,0,0,0,0,0,0,0,0,0,0,0,0,0,85.10506102994277,0,0,0,0,0,0,0,0,0,0,0,0,0,0
138,139,Qatar,139,0.7935967584917584,69.316739357107,8.731255658424635,70255.63461000926,0,0,0,0,0,0,0,0,0,0,0,0,0,0,0,0,0,0,0,0,0,0,0,0,0,0,0,0,0,0,0,0,0,0,0,0,0,0,0,0,0,0,0,0,0,0,0,0,0,0,0,0,0,0,0,0,0,0,0,42.92738942396532,0,0,0,0,0,0,0,0,0,0,0,0,0,0
139,140,Romania,140,0.5900161978655539,54.69053299577243,2.3453921157600677,60655.8431982159,0,0,0,0,0,0,0,0,0,0,0,0,0,0,0,0,0,0,0,0,0,0,0,0,0,0,0,0,0,0,0,0,0,0,0,0,0,0,0,0,0,0,0,0,0,0,0,0,0,0,0,0,0,0,0,0,0,0,0,63.30909782722568,0,0,0,0,0,0,0,0,0,0,0,0,0,0
140,141,Russia,141,0.6692309477430692,74.64279188347282,4.555569938106929,11773.346571354812,0,0,0,0,0,0,0,0,0,0,0,0,0,0,0,0,0,0,0,0,0,0,0,0,0,0,0,0,0,0,0,0,0,0,0,0,0,0,0,0,0,0,0,0,0,0,0,0,0,0,0,0,0,0,0,0,0,0,0,6.367198572780901,0,0,0,0,0,0,0,0,0,0,0,0,0,0
141,142,Rwanda,142,0.7505861921748097,62.270564558230895,9.079012242255597,31987.27956287885,0,0,0,0,0,0,0,0,0,0,0,0,0,0,0,0,0,0,0,0,0,0,0,0,0,0,0,0,0,0,0,0,0,0,0,0,0,0,0,0,0,0,0,0,0,0,0,0,0,0,0,0,0,0,0,0,0,0,0,46.12264267023053,0,0,0,0,0,0,0,0,0,0,0,0,0,0
142,143,Saint Kitts and Nevis,143,0.7698435998705518,81.6455543072812,6.179065604279604,41605.16964362505,0,0,0,0,0,0,0,0,0,0,0,0,0,0,0,0,0,0,0,0,0,0,0,0,0,0,0,0,0,0,0,0,0,0,0,0,0,0,0,0,0,0,0,0,0,0,0,0,0,0,0,0,0,0,0,0,0,0,0,78.66338319766744,0,0,0,0,0,0,0,0,0,0,0,0,0,0
143,144,Saint Lucia,144,0.788102883787265,63.87899738124446,9.465040402734482,69126.73299099287,0,0,0,0,0,0,0,0,0,0,0,0,0,0,0,0,0,0,0,0,0,0,0,0,0,0,0,0,0,0,0,0,0,0,0,0,0,0,0,0,0,0,0,0,0,0,0,0,0,0,0,0,0,0,0,0,0,0,0,94.25493862381836,0,0,0,0,0,0,0,0,0,0,0,0,0,0
144,145,Saint Vincent,145,0.8189060809998417,55.14757183251633,13.119051501937932,39877.187153283514,0,0,0,0,0,0,0,0,0,0,0,0,0,0,0,0,0,0,0,0,0,0,0,0,0,0,0,0,0,0,0,0,0,0,0,0,0,0,0,0,0,0,0,0,0,0,0,0,0,0,0,0,0,0,0,0,0,0,0,29.274972500102084,0,0,0,0,0,0,0,0,0,0,0,0,0,0
145,146,Samoa,146,0.8760193247219031,66.06975146833915,13.760390903425725,39916.8294254367,0,0,0,0,0,0,0,0,0,0,0,0,0,0,0,0,0,0,0,0,0,0,0,0,0,0,0,0,0,0,0,0,0,0,0,0,0,0,0,0,0,0,0,0,0,0,0,0,0,0,0,0,0,0,0,0,0,0,0,35.90265136702577,0,0,0,0,0,0,0,0,0,0,0,0,0,0
146,147,San Marino,147,0.6514807792002061,72.1690299010854,4.881747425338316,6993.202920584449,0,0,0,0,0,0,0,0,0,0,0,0,0,0,0,0,0,0,0,0,0,0,0,0,0,0,0,0,0,0,0,0,0,0,0,0,0,0,0,0,0,0,0,0,0,0,0,0,0,0,0,0,0,0,0,0,0,0,0,17.114693859601026,0,0,0,0,0,0,0,0,0,0,0,0,0,0
147,148,Sao Tome and Principe,148,0.5743643806699663,54.48160436352204,3.822832322147532,11967.346639303401,0,0,0,0,0,0,0,0,0,0,0,0,0,0,0,0,0,0,0,0,0,0,0,0,0,0,0,0,0,0,0,0,0,0,0,0,0,0,0,0,0,0,0,0,0,0,0,0,0,0,0,0,0,0,0,0,0,0,0,65.24222601150217,0,0,0,0,0,0,0,0,0,0,0,0,0,0
148,149,Saudi Arabia,149,0.6860607471593162,56.36580295397007,6.1480073998863585,71846.28438257493,0,0,0,0,0,0,0,0,0,0,0,0,0,0,0,0,0,0,0,0,0,0,0,0,0,0,0,0,0,0,0,0,0,0,0,0,0,0,0,0,0,0,0,0,0,0,0,0,0,0,0,0,0,0,0,0,0,0,0,49.55239418471,0,0,0,0,0,0,0,0,0,0,0,0,0,0
149,150,Senegal,150,0.6627363406288712,73.36452084823595,4.067838454419558,16190.832485884992,0,0,0,0,0,0,0,0,0,0,0,0,0,0,0,0,0,0,0,0,0,0,0,0,0,0,0,0,0,0,0,0,0,0,0,0,0,0,0,0,0,0,0,0,0,0,0,0,0,0,0,0,0,0,0,0,0,0,0,8.841649929049012,0,0,0,0,0,0,0,0,0,0,0,0,0,0
150,151,Serbia,151,0.6203615153990917,55.91272720752576,5.3430840683835035,14983.828257862999,0,0,0,0,0,0,0,0,0,0,0,0,0,0,0,0,0,0,0,0,0,0,0,0,0,0,0,0,0,0,0,0,0,0,0,0,0,0,0,0,0,0,0,0,0,0,0,0,0,0,0,0,0,0,0,0,0,0,0,13.338038173163227,0,0,0,0,0,0,0,0,0,0,0,0,0,0
151,152,Seychelles,152,0.6665375540585337,54.22225548852103,7.529345216392709,17300.36375405761,0,0,0,0,0,0,0,0,0,0,0,0,0,0,0,0,0,0,0,0,0,0,0,0,0,0,0,0,0,0,0,0,0,0,0,0,0,0,0,0,0,0,0,0,0,0,0,0,0,0,0,0,0,0,0,0,0,0,0,39.24136693851909,0,0,0,0,0,0,0,0,0,0,0,0,0,0
152,153,Sierra Leone,153,0.7380660188970465,67.61960447991999,10.284737943552383,4105.659047446816,0,0,0,0,0,0,0,0,0,0,0,0,0,0,0,0,0,0,0,0,0,0,0,0,0,0,0,0,0,0,0,0,0,0,0,0,0,0,0,0,0,0,0,0,0,0,0,0,0,0,0,0,0,0,0,0,0,0,0,80.14457749745,0,0,0,0,0,0,0,0,0,0,0,0,0,0
153,154,Singapore,154,0.6761444750746929,71.97651363218176,2.981108383386463,70012.7113044354,0,0,0,0,0,0,0,0,0,0,0,0,0,0,0,0,0,0,0,0,0,0,0,0,0,0,0,0,0,0,0,0,0,0,0,0,0,0,0,0,0,0,0,0,0,0,0,0,0,0,0,0,0,0,0,0,0,0,0,91.56200564999044,0,0,0,0,0,0,0,0,0,0,0,0,0,0
154,155,Slovakia,155,0.6480548086042199,52.13772859492023,5.322531777766445,64689.90110365184,0,0,0,0,0,0,0,0,0,0,0,0,0,0,0,0,0,0,0,0,0,0,0,0,0,0,0,0,0,0,0,0,0,0,0,0,0,0,0,0,0,0,0,0,0,0,0,0,0,0,0,0,0,0,0,0,0,0,0,75.33641089606388,0,0,0,0,0,0,0,0,0,0,0,0,0,0
155,156,Slovenia,156,0.6246846904416816,56.458235677473205,4.512191880040524,30267.296120519175,0,0,0,0,0,0,0,0,0,0,0,0,0,0,0,0,0,0,0,0,0,0,0,0,0,0,0,0,0,0,0,0,0,0,0,0,0,0,0,0,0,0,0,0,0,0,0,0,0,0,0,0,0,0,0,0,0,0,0,50.54516060795601,0,0,0,0,0,0,0,0,0,0,0,0,0,0
156,157,Solomon Islands,157,0.7330914283359627,71.63891700356035,6.426963674837269,37540.242574518685,0,0,0,0,0,0,0,0,0,0,0,0,0,0,0,0,0,0,0,0,0,0,0,0,0,0,0,0,0,0,0,0,0,0,0,0,0,0,0,0,0,0,0,0,0,0,0,0,0,0,0,0,0,0,0,0,0,0,0,75.26226818457312,0,0,0,0,0,0,0,0,0,0,0,0,0,0
157,158,Somalia,158,0.6346545547306904,51.28391210117093,5.0292433321282495,57354.61728487964,0,0,0,0,0,0,0,0,0,0,0,0,0,0,0,0,0,0,0,0,0,0,0,0,0,0,0,0,0,0,0,0,0,0,0,0,0,0,0,0,0,0,0,0,0,0,0,0,0,0,0,0,0,0,0,0,0,0,0,89.14944274259673,0,0,0,0,0,0,0,0,0,0,0,0,0,0
158,159,South Africa,159,0.721525108408379,67.90871047404832,8.385361823183787,9466.588895842307,0,0,0,0,0,0,0,0,0,0,0,0,0,0,0,0,0,0,0,0,0,0,0,0,0,0,0,0,0,0,0,0,0,0,0,0,0,0,0,0,0,0,0,0,0,0,0,0,0,0,0,0,0,0,0,0,0,0,0,47.05676248140474,0,0,0,0,0,0,0,0,0,0,0,0,0,0
159,160,South Korea,160,0.6722844469200964,68.64160432592581,4.909646043616756,22270.215245001094,0,0,0,0,0,0,0,0,0,0,0,0,0,0,0,0,0,0,0,0,0,0,0,0,0,0,0,0,0,0,0,0,0,0,0,0,0,0,0,0,0,0,0,0,0,0,0,0,0,0,0,0,0,0,0,0,0,0,0,40.46471133183453,0,0,0,0,0,0,0,0,0,0,0,0,0,0
160,161,South Sudan,161,0.6164259555986922,50.702491922220425,5.864949986998139,17704.392552727026,0,0,0,0,0,0,0,0,0,0,0,0,0,0,0,0,0,0,0,0,0,0,0,0,0,0,0,0,0,0,0,0,0,0,0,0,0,0,0,0,0,0,0,0,0,0,0,0,0,0,0,0,0,0,0,0,0,0,0,35.78475110472398,0,0,0,0,0,0,0,0,0,0,0,0,0,0
161,162,Spain,162,0.810920966409051,54.19167461367379,12.68632736887874,47893.803830769844,0,0,0,0,0,0,0,0,0,0,0,0,0,0,0,0,0,0,0,0,0,0,0,0,0,0,0,0,0,0,0,0,0,0,0,0,0,0,0,0,0,0,0,0,0,0,0,0,0,0,0,0,0,0,0,0,0,0,0,68.83561799958201,0,0,0,0,0,0,0,0,0,0,0,0,0,0
162,163,Sri Lanka,163,0.7451966837511014,77.62099335125684,7.981306387148687,7866.702758906472,0,0,0,0,0,0,0,0,0,0,0,0,0,0,0,0,0,0,0,0,0,0,0,0,0,0,0,0,0,0,0,0,0,0,0,0,0,0,0,0,0,0,0,0,0,0,0,0,0,0,0,0,0,0,0,0,0,0,0,55.48801493094349,0,0,0,0,0,0,0,0,0,0,0,0,0,0
163,164,Sudan,164,0.8272137027942214,70.53943913073077,10.945273690211959,35101.104152144675,0,0,0,0,0,0,0,0,0,0,0,0,0,0,0,0,0,0,0,0,0,0,0,0,0,0,0,0,0,0,0,0,0,0,0,0,0,0,0,0,0,0,0,0,0,0,0,0,0,0,0,0,0,0,0,0,0,0,0,16.99254846278299,0,0,0,0,0,0,0,0,0,0,0,0,0,0
164,165,Suriname,165,0.6952118718366757,59.93215670295535,6.356987556783621,52027.462065196494,0,0,0,0,0,0,0,0,0,0,0,0,0,0,0,0,0,0,0,0,0,0,0,0,0,0,0,0,0,0,0,0,0,0,0,0,0,0,0,0,0,0,0,0,0,0,0,0,0,0,0,0,0,0,0,0,0,0,0,58.653160638877715,0,0,0,0,0,0,0,0,0,0,0,0,0,0
165,166,Sweden,166,0.8695401171656364,62.46338540642462,13.838182985515756,48856.210729194085,0,0,0,0,0,0,0,0,0,0,0,0,0,0,0,0,0,0,0,0,0,0,0,0,0,0,0,0,0,0,0,0,0,0,0,0,0,0,0,0,0,0,0,0,0,0,0,0,0,0,0,0,0,0,0,0,0,0,0,27.299318423183482,0,0,0,0,0,0,0,0,0,0,0,0,0,0
166,167,Syria,167,0.5867220214253396,53.56238654171413,3.8343096702119843,20430.660542376143,0,0,0,0,0,0,0,0,0,0,0,0,0,0,0,0,0,0,0,0,0,0,0,0,0,0,0,0,0,0,0,0,0,0,0,0,0,0,0,0,0,0,0,0,0,0,0,0,0,0,0,0,0,0,0,0,0,0,0,20.104049086398234,0,0,0,0,0,0,0,0,0,0,0,0,0,0
167,168,Tajikistan,168,0.6239476198444311,56.529845841795705,5.421142024326166,14696.514028285632,0,0,0,0,0,0,0,0,0,0,0,0,0,0,0,0,0,0,0,0,0,0,0,0,0,0,0,0,0,0,0,0,0,0,0,0,0,0,0,0,0,0,0,0,0,0,0,0,0,0,0,0,0,0,0,0,0,0,0,89.29594991488396,0,0,0,0,0,0,0,0,0,0,0,0,0,0
168,169,Tanzania,169,0.6973250861475316,52.808181098157476,8.294136674843056,33421.349332183265,0,0,0,0,0,0,0,0,0,0,0,0,0,0,0,0,0,0,0,0,0,0,0,0,0,0,0,0,0,0,0,0,0,0,0,0,0,0,0,0,0,0,0,0,0,0,0,0,0,0,0,0,0,0,0,0,0,0,0,97.343589989409,0,0,0,0,0,0,0,0,0,0,0,0,0,0
169,170,Thailand,170,0.6926495380171916,53.92136157588183,6.774267188548899,77588.16422875413,0,0,0,0,0,0,0,0,0,0,0,0,0,0,0,0,0,0,0,0,0,0,0,0,0,0,0,0,0,0,0,0,0,0,0,0,0,0,0,0,0,0,0,0,0,0,0,0,0,0,0,0,0,0,0,0,0,0,0,86.35766983403414,0,0,0,0,0,0,0,0,0,0,0,0,0,0
170,171,Timor-Leste,171,0.7028411428999456,78.5975224832248,5.094833924539278,14500.1194038152,0,0,0,0,0,0,0,0,0,0,0,0,0,0,0,0,0,0,0,0,0,0,0,0,0,0,0,0,0,0,0,0,0,0,0,0,0,0,0,0,0,0,0,0,0,0,0,0,0,0,0,0,0,0,0,0,0,0,0,67.85246267289651,0,0,0,0,0,0,0,0,0,0,0,0,0,0
171,172,Togo,172,0.8319560931340663,82.5281596194655,8.681154716167157,46157.40246812209,0,0,0,0,0,0,0,0,0,0,0,0,0,0,0,0,0,0,0,0,0,0,0,0,0,0,0,0,0,0,0,0,0,0,0,0,0,0,0,0,0,0,0,0,0,0,0,0,0,0,0,0,0,0,0,0,0,0,0,31.318034804066713,0,0,0,0,0,0,0,0,0,0,0,0,0,0
172,173,Tonga,173,0.6952013801489908,76.9322526617178,4.2445249826902804,26570.65967593525,0,0,0,0,0,0,0,0,0,0,0,0,0,0,0,0,0,0,0,0,0,0,0,0,0,0,0,0,0,0,0,0,0,0,0,0,0,0,0,0,0,0,0,0,0,0,0,0,0,0,0,0,0,0,0,0,0,0,0,44.991025229943176,0,0,0,0,0,0,0,0,0,0,0,0,0,0
173,174,Trinidad and Tobago,174,0.6455333802355315,67.76636325395593,4.908916788980963,10072.10915439708,0,0,0,0,0,0,0,0,0,0,0,0,0,0,0,0,0,0,0,0,0,0,0,0,0,0,0,0,0,0,0,0,0,0,0,0,0,0,0,0,0,0,0,0,0,0,0,0,0,0,0,0,0,0,0,0,0,0,0,62.398283989513466,0,0,0,0,0,0,0,0,0,0,0,0,0,0
174,175,Tunisia,175,0.713762044118689,60.10206936340895,8.974858657071348,13194.654506661982,0,0,0,0,0,0,0,0,0,0,0,0,0,0,0,0,0,0,0,0,0,0,0,0,0,0,0,0,0,0,0,0,0,0,0,0,0,0,0,0,0,0,0,0,0,0,0,0,0,0,0,0,0,0,0,0,0,0,0,50.22716957435284,0,0,0,0,0,0,0,0,0,0,0,0,0,0
175,176,Turkey,176,0.6277339041076714,68.6406301393055,2.621882441869123,27591.737977319724,0,0,0,0,0,0,0,0,0,0,0,0,0,0,0,0,0,0,0,0,0,0,0,0,0,0,0,0,0,0,0,0,0,0,0,0,0,0,0,0,0,0,0,0,0,0,0,0,0,0,0,0,0,0,0,0,0,0,0,17.63497963226358,0,0,0,0,0,0,0,0,0,0,0,0,0,0
176,177,Turkmenistan,177,0.8122783347246542,52.21812396654687,13.879522788679342,26465.953753003116,0,0,0,0,0,0,0,0,0,0,0,0,0,0,0,0,0,0,0,0,0,0,0,0,0,0,0,0,0,0,0,0,0,0,0,0,0,0,0,0,0,0,0,0,0,0,0,0,0,0,0,0,0,0,0,0,0,0,0,81.12819791033567,0,0,0,0,0,0,0,0,0,0,0,0,0,0
177,178,Tuvalu,178,0.7808253764718899,58.912422916731735,10.178032666687152,61058.000931285234,0,0,0,0,0,0,0,0,0,0,0,0,0,0,0,0,0,0,0,0,0,0,0,0,0,0,0,0,0,0,0,0,0,0,0,0,0,0,0,0,0,0,0,0,0,0,0,0,0,0,0,0,0,0,0,0,0,0,0,60.990041617137365,0,0,0,0,0,0,0,0,0,0,0,0,0,0
178,179,Uganda,179,0.7163776892166421,66.50516659925555,6.942090969767222,28560.59305689663,0,0,0,0,0,0,0,0,0,0,0,0,0,0,0,0,0,0,0,0,0,0,0,0,0,0,0,0,0,0,0,0,0,0,0,0,0,0,0,0,0,0,0,0,0,0,0,0,0,0,0,0,0,0,0,0,0,0,0,92.37573955929562,0,0,0,0,0,0,0,0,0,0,0,0,0,0
179,180,Ukraine,180,0.8846679397713159,79.07167927257052,13.58032292799815,10819.480655358033,0,0,0,0,0,0,0,0,0,0,0,0,0,0,0,0,0,0,0,0,0,0,0,0,0,0,0,0,0,0,0,0,0,0,0,0,0,0,0,0,0,0,0,0,0,0,0,0,0,0,0,0,0,0,0,0,0,0,0,73.70154266914255,0,0,0,0,0,0,0,0,0,0,0,0,0,0
180,181,United Arab Emirates,181,0.6743406239917741,82.84191598873633,4.174796793987921,6253.205121975422,0,0,0,0,0,0,0,0,0,0,0,0,0,0,0,0,0,0,0,0,0,0,0,0,0,0,0,0,0,0,0,0,0,0,0,0,0,0,0,0,0,0,0,0,0,0,0,0,0,0,0,0,0,0,0,0,0,0,0,74.66534103326555,0,0,0,0,0,0,0,0,0,0,0,0,0,0
181,182,United Kingdom,182,0.8198016727485901,70.10655896129691,12.101945321099265,12042.01775347687,0,0,0,0,0,0,0,0,0,0,0,0,0,0,0,0,0,0,0,0,0,0,0,0,0,0,0,0,0,0,0,0,0,0,0,0,0,0,0,0,0,0,0,0,0,0,0,0,0,0,0,0,0,0,0,0,0,0,0,79.75512731482968,0,0,0,0,0,0,0,0,0,0,0,0,0,0
182,183,United States,183,0.5921567540580875,57.056956201671056,3.963871314388454,13976.998036548443,0,0,0,0,0,0,0,0,0,0,0,0,0,0,0,0,0,0,0,0,0,0,0,0,0,0,0,0,0,0,0,0,0,0,0,0,0,0,0,0,0,0,0,0,0,0,0,0,0,0,0,0,0,0,0,0,0,0,0,81.57002370174992,0,0,0,0,0,0,0,0,0,0,0,0,0,0
183,184,Uruguay,184,0.7734112962923704,73.281902724367,8.276785097229432,29347.608245756695,0,0,0,0,0,0,0,0,0,0,0,0,0,0,0,0,0,0,0,0,0,0,0,0,0,0,0,0,0,0,0,0,0,0,0,0,0,0,0,0,0,0,0,0,0,0,0,0,0,0,0,0,0,0,0,0,0,0,0,87.45685083643218,0,0,0,0,0,0,0,0,0,0,0,0,0,0
184,185,Uzbekistan,185,0.8199978676291284,63.73557875979224,11.799193273658926,35691.65777704726,0,0,0,0,0,0,0,0,0,0,0,0,0,0,0,0,0,0,0,0,0,0,0,0,0,0,0,0,0,0,0,0,0,0,0,0,0,0,0,0,0,0,0,0,0,0,0,0,0,0,0,0,0,0,0,0,0,0,0,40.432776365941315,0,0,0,0,0,0,0,0,0,0,0,0,0,0
185,186,Vanuatu,186,0.7075297165466111,66.19379249843622,5.616534489969705,60061.141033923835,0,0,0,0,0,0,0,0,0,0,0,0,0,0,0,0,0,0,0,0,0,0,0,0,0,0,0,0,0,0,0,0,0,0,0,0,0,0,0,0,0,0,0,0,0,0,0,0,0,0,0,0,0,0,0,0,0,0,0,52.25571666869304,0,0,0,0,0,0,0,0,0,0,0,0,0,0
186,187,Vatican City,187,0.8163016658706534,58.1274443301386,12.794894879294821,31327.406488483703,0,0,0,0,0,0,0,0,0,0,0,0,0,0,0,0,0,0,0,0,0,0,0,0,0,0,0,0,0,0,0,0,0,0,0,0,0,0,0,0,0,0,0,0,0,0,0,0,0,0,0,0,0,0,0,0,0,0,0,56.09396894471493,0,0,0,0,0,0,0,0,0,0,0,0,0,0
187,188,Venezuela,188,0.8025709669484774,81.72652388375914,9.490855950967905,10234.94521596076,0,0,0,0,0,0,0,0,0,0,0,0,0,0,0,0,0,0,0,0,0,0,0,0,0,0,0,0,0,0,0,0,0,0,0,0,0,0,0,0,0,0,0,0,0,0,0,0,0,0,0,0,0,0,0,0,0,0,0,93.34421961966666,0,0,0,0,0,0,0,0,0,0,0,0,0,0
188,189,Vietnam,189,0.6918323714196436,71.96978185749963,6.0188673758850335,12002.493740407594,0,0,0,0,0,0,0,0,0,0,0,0,0,0,0,0,0,0,0,0,0,0,0,0,0,0,0,0,0,0,0,0,0,0,0,0,0,0,0,0,0,0,0,0,0,0,0,0,0,0,0,0,0,0,0,0,0,0,0,79.63836779140782,0,0,0,0,0,0,0,0,0,0,0,0,0,0
189,190,Yemen,190,0.7961895281107632,71.70254645749797,8.401533103715858,71617.51406102565,0,0,0,0,0,0,0,0,0,0,0,0,0,0,0,0,0,0,0,0,0,0,0,0,0,0,0,0,0,0,0,0,0,0,0,0,0,0,0,0,0,0,0,0,0,0,0,0,0,0,0,0,0,0,0,0,0,0,0,79.12813785510589,0,0,0,0,0,0,0,0,0,0,0,0,0,0
190,191,Zambia,191,0.6362195069821445,55.30862079064629,5.740664813546578,20630.642045342793,0,0,0,0,0,0,0,0,0,0,0,0,0,0,0,0,0,0,0,0,0,0,0,0,0,0,0,0,0,0,0,0,0,0,0,0,0,0,0,0,0,0,0,0,0,0,0,0,0,0,0,0,0,0,0,0,0,0,0,74.93095150183163,0,0,0,0,0,0,0,0,0,0,0,0,0,0
191,192,Zimbabwe,192,0.7207983558690193,51.17363521575228,8.838676218455799,61234.23617351455,0,0,0,0,0,0,0,0,0,0,0,0,0,0,0,0,0,0,0,0,0,0,0,0,0,0,0,0,0,0,0,0,0,0,0,0,0,0,0,0,0,0,0,0,0,0,0,0,0,0,0,0,0,0,0,0,0,0,0,87.41596985560444,0,0,0,0,0,0,0,0,0,0,0,0,0,0
192,193,Country_192,193,0.7761881730250327,61.97286120505676,11.855087656064153,9739.907219461371,0,0,0,0,0,0,0,0,0,0,0,0,0,0,0,0,0,0,0,0,0,0,0,0,0,0,0,0,0,0,0,0,0,0,0,0,0,0,0,0,0,0,0,0,0,0,0,0,0,0,0,0,0,0,0,0,0,0,0,84.5665154230447,0,0,0,0,0,0,0,0,0,0,0,0,0,0
193,194,Country_193,194,0.688958090321777,54.46210318161938,6.767447486724407,63986.333896584736,0,0,0,0,0,0,0,0,0,0,0,0,0,0,0,0,0,0,0,0,0,0,0,0,0,0,0,0,0,0,0,0,0,0,0,0,0,0,0,0,0,0,0,0,0,0,0,0,0,0,0,0,0,0,0,0,0,0,0,19.092238170784736,0,0,0,0,0,0,0,0,0,0,0,0,0,0
194,195,Country_194,195,0.7866389032383349,58.02379883314245,10.667030820716796,57882.88638713987,0,0,0,0,0,0,0,0,0,0,0,0,0,0,0,0,0,0,0,0,0,0,0,0,0,0,0,0,0,0,0,0,0,0,0,0,0,0,0,0,0,0,0,0,0,0,0,0,0,0,0,0,0,0,0,0,0,0,0,65.26787749121794,0,0,0,0,0,0,0,0,0,0,0,0,0,0
